date_key,year,quarter,month,month_name,week,day,day_of_week,day_name,is_weekend
20240101,2024,Q1,1,January,1,1,1,Monday,0
20240102,2024,Q1,1,January,1,2,2,Tuesday,0
20240103,2024,Q1,1,January,1,3,3,Wednesday,0
20240104,2024,Q1,1,January,1,4,4,Thursday,0
20240105,2024,Q1,1,January,1,5,5,Friday,0
20240106,2024,Q1,1,January,1,6,6,Saturday,1
20240107,2024,Q1,1,January,1,7,7,Sunday,1
20240108,2024,Q1,1,January,2,8,1,Monday,0
20240109,2024,Q1,1,January,2,9,2,Tuesday,0
20240110,2024,Q1,1,January,2,10,3,Wednesday,0
20240111,2024,Q1,1,January,2,11,4,Thursday,0
20240112,2024,Q1,1,January,2,12,5,Friday,0
20240113,2024,Q1,1,January,2,13,6,Saturday,1
20240114,2024,Q1,1,January,2,14,7,Sunday,1
20240115,2024,Q1,1,January,3,15,1,Monday,0
20240116,2024,Q1,1,January,3,16,2,Tuesday,0
20240117,2024,Q1,1,January,3,17,3,Wednesday,0
20240118,2024,Q1,1,January,3,18,4,Thursday,0
20240119,2024,Q1,1,January,3,19,5,Friday,0
20240120,2024,Q1,1,January,3,20,6,Saturday,1
20240121,2024,Q1,1,January,3,21,7,Sunday,1
20240122,2024,Q1,1,January,4,22,1,Monday,0
20240123,2024,Q1,1,January,4,23,2,Tuesday,0
20240124,2024,Q1,1,January,4,24,3,Wednesday,0
20240125,2024,Q1,1,January,4,25,4,Thursday,0
20240126,2024,Q1,1,January,4,26,5,Friday,0
20240127,2024,Q1,1,January,4,27,6,Saturday,1
20240128,2024,Q1,1,January,4,28,7,Sunday,1
20240129,2024,Q1,1,January,5,29,1,Monday,0
20240130,2024,Q1,1,January,5,30,2,Tuesday,0
20240131,2024,Q1,1,January,5,31,3,Wednesday,0
20240201,2024,Q1,2,February,5,1,4,Thursday,0
20240202,2024,Q1,2,February,5,2,5,Friday,0
20240203,2024,Q1,2,February,5,3,6,Saturday,1
20240204,2024,Q1,2,February,5,4,7,Sunday,1
20240205,2024,Q1,2,February,6,5,1,Monday,0
20240206,2024,Q1,2,February,6,6,2,Tuesday,0
20240207,2024,Q1,2,February,6,7,3,Wednesday,0
20240208,2024,Q1,2,February,6,8,4,Thursday,0
20240209,2024,Q1,2,February,6,9,5,Friday,0
20240210,2024,Q1,2,February,6,10,6,Saturday,1
20240211,2024,Q1,2,February,6,11,7,Sunday,1
20240212,2024,Q1,2,February,7,12,1,Monday,0
20240213,2024,Q1,2,February,7,13,2,Tuesday,0
20240214,2024,Q1,2,February,7,14,3,Wednesday,0
20240215,2024,Q1,2,February,7,15,4,Thursday,0
20240216,2024,Q1,2,February,7,16,5,Friday,0
20240217,2024,Q1,2,February,7,17,6,Saturday,1
20240218,2024,Q1,2,February,7,18,7,Sunday,1
20240219,2024,Q1,2,February,8,19,1,Monday,0
20240220,2024,Q1,2,February,8,20,2,Tuesday,0
20240221,2024,Q1,2,February,8,21,3,Wednesday,0
20240222,2024,Q1,2,February,8,22,4,Thursday,0
20240223,2024,Q1,2,February,8,23,5,Friday,0
20240224,2024,Q1,2,February,8,24,6,Saturday,1
20240225,2024,Q1,2,February,8,25,7,Sunday,1
20240226,2024,Q1,2,February,9,26,1,Monday,0
20240227,2024,Q1,2,February,9,27,2,Tuesday,0
20240228,2024,Q1,2,February,9,28,3,Wednesday,0
20240229,2024,Q1,2,February,9,29,4,Thursday,0
20240301,2024,Q1,3,March,9,1,5,Friday,0
20240302,2024,Q1,3,March,9,2,6,Saturday,1
20240303,2024,Q1,3,March,9,3,7,Sunday,1
20240304,2024,Q1,3,March,10,4,1,Monday,0
20240305,2024,Q1,3,March,10,5,2,Tuesday,0
20240306,2024,Q1,3,March,10,6,3,Wednesday,0
20240307,2024,Q1,3,March,10,7,4,Thursday,0
20240308,2024,Q1,3,March,10,8,5,Friday,0
20240309,2024,Q1,3,March,10,9,6,Saturday,1
20240310,2024,Q1,3,March,10,10,7,Sunday,1
20240311,2024,Q1,3,March,11,11,1,Monday,0
20240312,2024,Q1,3,March,11,12,2,Tuesday,0
20240313,2024,Q1,3,March,11,13,3,Wednesday,0
20240314,2024,Q1,3,March,11,14,4,Thursday,0
20240315,2024,Q1,3,March,11,15,5,Friday,0
20240316,2024,Q1,3,March,11,16,6,Saturday,1
20240317,2024,Q1,3,March,11,17,7,Sunday,1
20240318,2024,Q1,3,March,12,18,1,Monday,0
20240319,2024,Q1,3,March,12,19,2,Tuesday,0
20240320,2024,Q1,3,March,12,20,3,Wednesday,0
20240321,2024,Q1,3,March,12,21,4,Thursday,0
20240322,2024,Q1,3,March,12,22,5,Friday,0
20240323,2024,Q1,3,March,12,23,6,Saturday,1
20240324,2024,Q1,3,March,12,24,7,Sunday,1
20240325,2024,Q1,3,March,13,25,1,Monday,0
20240326,2024,Q1,3,March,13,26,2,Tuesday,0
20240327,2024,Q1,3,March,13,27,3,Wednesday,0
20240328,2024,Q1,3,March,13,28,4,Thursday,0
20240329,2024,Q1,3,March,13,29,5,Friday,0
20240330,2024,Q1,3,March,13,30,6,Saturday,1
20240331,2024,Q1,3,March,13,31,7,Sunday,1
20240401,2024,Q2,4,April,14,1,1,Monday,0
20240402,2024,Q2,4,April,14,2,2,Tuesday,0
20240403,2024,Q2,4,April,14,3,3,Wednesday,0
20240404,2024,Q2,4,April,14,4,4,Thursday,0
20240405,2024,Q2,4,April,14,5,5,Friday,0
20240406,2024,Q2,4,April,14,6,6,Saturday,1
20240407,2024,Q2,4,April,14,7,7,Sunday,1
20240408,2024,Q2,4,April,15,8,1,Monday,0
20240409,2024,Q2,4,April,15,9,2,Tuesday,0
20240410,2024,Q2,4,April,15,10,3,Wednesday,0
20240411,2024,Q2,4,April,15,11,4,Thursday,0
20240412,2024,Q2,4,April,15,12,5,Friday,0
20240413,2024,Q2,4,April,15,13,6,Saturday,1
20240414,2024,Q2,4,April,15,14,7,Sunday,1
20240415,2024,Q2,4,April,16,15,1,Monday,0
20240416,2024,Q2,4,April,16,16,2,Tuesday,0
20240417,2024,Q2,4,April,16,17,3,Wednesday,0
20240418,2024,Q2,4,April,16,18,4,Thursday,0
20240419,2024,Q2,4,April,16,19,5,Friday,0
20240420,2024,Q2,4,April,16,20,6,Saturday,1
20240421,2024,Q2,4,April,16,21,7,Sunday,1
20240422,2024,Q2,4,April,17,22,1,Monday,0
20240423,2024,Q2,4,April,17,23,2,Tuesday,0
20240424,2024,Q2,4,April,17,24,3,Wednesday,0
20240425,2024,Q2,4,April,17,25,4,Thursday,0
20240426,2024,Q2,4,April,17,26,5,Friday,0
20240427,2024,Q2,4,April,17,27,6,Saturday,1
20240428,2024,Q2,4,April,17,28,7,Sunday,1
20240429,2024,Q2,4,April,18,29,1,Monday,0
20240430,2024,Q2,4,April,18,30,2,Tuesday,0
20240501,2024,Q2,5,May,18,1,3,Wednesday,0
20240502,2024,Q2,5,May,18,2,4,Thursday,0
20240503,2024,Q2,5,May,18,3,5,Friday,0
20240504,2024,Q2,5,May,18,4,6,Saturday,1
20240505,2024,Q2,5,May,18,5,7,Sunday,1
20240506,2024,Q2,5,May,19,6,1,Monday,0
20240507,2024,Q2,5,May,19,7,2,Tuesday,0
20240508,2024,Q2,5,May,19,8,3,Wednesday,0
20240509,2024,Q2,5,May,19,9,4,Thursday,0
20240510,2024,Q2,5,May,19,10,5,Friday,0
20240511,2024,Q2,5,May,19,11,6,Saturday,1
20240512,2024,Q2,5,May,19,12,7,Sunday,1
20240513,2024,Q2,5,May,20,13,1,Monday,0
20240514,2024,Q2,5,May,20,14,2,Tuesday,0
20240515,2024,Q2,5,May,20,15,3,Wednesday,0
20240516,2024,Q2,5,May,20,16,4,Thursday,0
20240517,2024,Q2,5,May,20,17,5,Friday,0
20240518,2024,Q2,5,May,20,18,6,Saturday,1
20240519,2024,Q2,5,May,20,19,7,Sunday,1
20240520,2024,Q2,5,May,21,20,1,Monday,0
20240521,2024,Q2,5,May,21,21,2,Tuesday,0
20240522,2024,Q2,5,May,21,22,3,Wednesday,0
20240523,2024,Q2,5,May,21,23,4,Thursday,0
20240524,2024,Q2,5,May,21,24,5,Friday,0
20240525,2024,Q2,5,May,21,25,6,Saturday,1
20240526,2024,Q2,5,May,21,26,7,Sunday,1
20240527,2024,Q2,5,May,22,27,1,Monday,0
20240528,2024,Q2,5,May,22,28,2,Tuesday,0
20240529,2024,Q2,5,May,22,29,3,Wednesday,0
20240530,2024,Q2,5,May,22,30,4,Thursday,0
20240531,2024,Q2,5,May,22,31,5,Friday,0
20240601,2024,Q2,6,June,22,1,6,Saturday,1
20240602,2024,Q2,6,June,22,2,7,Sunday,1
20240603,2024,Q2,6,June,23,3,1,Monday,0
20240604,2024,Q2,6,June,23,4,2,Tuesday,0
20240605,2024,Q2,6,June,23,5,3,Wednesday,0
20240606,2024,Q2,6,June,23,6,4,Thursday,0
20240607,2024,Q2,6,June,23,7,5,Friday,0
20240608,2024,Q2,6,June,23,8,6,Saturday,1
20240609,2024,Q2,6,June,23,9,7,Sunday,1
20240610,2024,Q2,6,June,24,10,1,Monday,0
20240611,2024,Q2,6,June,24,11,2,Tuesday,0
20240612,2024,Q2,6,June,24,12,3,Wednesday,0
20240613,2024,Q2,6,June,24,13,4,Thursday,0
20240614,2024,Q2,6,June,24,14,5,Friday,0
20240615,2024,Q2,6,June,24,15,6,Saturday,1
20240616,2024,Q2,6,June,24,16,7,Sunday,1
20240617,2024,Q2,6,June,25,17,1,Monday,0
20240618,2024,Q2,6,June,25,18,2,Tuesday,0
20240619,2024,Q2,6,June,25,19,3,Wednesday,0
20240620,2024,Q2,6,June,25,20,4,Thursday,0
20240621,2024,Q2,6,June,25,21,5,Friday,0
20240622,2024,Q2,6,June,25,22,6,Saturday,1
20240623,2024,Q2,6,June,25,23,7,Sunday,1
20240624,2024,Q2,6,June,26,24,1,Monday,0
20240625,2024,Q2,6,June,26,25,2,Tuesday,0
20240626,2024,Q2,6,June,26,26,3,Wednesday,0
20240627,2024,Q2,6,June,26,27,4,Thursday,0
20240628,2024,Q2,6,June,26,28,5,Friday,0
20240629,2024,Q2,6,June,26,29,6,Saturday,1
20240630,2024,Q2,6,June,26,30,7,Sunday,1
20240701,2024,Q3,7,July,27,1,1,Monday,0
20240702,2024,Q3,7,July,27,2,2,Tuesday,0
20240703,2024,Q3,7,July,27,3,3,Wednesday,0
20240704,2024,Q3,7,July,27,4,4,Thursday,0
20240705,2024,Q3,7,July,27,5,5,Friday,0
20240706,2024,Q3,7,July,27,6,6,Saturday,1
20240707,2024,Q3,7,July,27,7,7,Sunday,1
20240708,2024,Q3,7,July,28,8,1,Monday,0
20240709,2024,Q3,7,July,28,9,2,Tuesday,0
20240710,2024,Q3,7,July,28,10,3,Wednesday,0
20240711,2024,Q3,7,July,28,11,4,Thursday,0
20240712,2024,Q3,7,July,28,12,5,Friday,0
20240713,2024,Q3,7,July,28,13,6,Saturday,1
20240714,2024,Q3,7,July,28,14,7,Sunday,1
20240715,2024,Q3,7,July,29,15,1,Monday,0
20240716,2024,Q3,7,July,29,16,2,Tuesday,0
20240717,2024,Q3,7,July,29,17,3,Wednesday,0
20240718,2024,Q3,7,July,29,18,4,Thursday,0
20240719,2024,Q3,7,July,29,19,5,Friday,0
20240720,2024,Q3,7,July,29,20,6,Saturday,1
20240721,2024,Q3,7,July,29,21,7,Sunday,1
20240722,2024,Q3,7,July,30,22,1,Monday,0
20240723,2024,Q3,7,July,30,23,2,Tuesday,0
20240724,2024,Q3,7,July,30,24,3,Wednesday,0
20240725,2024,Q3,7,July,30,25,4,Thursday,0
20240726,2024,Q3,7,July,30,26,5,Friday,0
20240727,2024,Q3,7,July,30,27,6,Saturday,1
20240728,2024,Q3,7,July,30,28,7,Sunday,1
20240729,2024,Q3,7,July,31,29,1,Monday,0
20240730,2024,Q3,7,July,31,30,2,Tuesday,0
20240731,2024,Q3,7,July,31,31,3,Wednesday,0
20240801,2024,Q3,8,August,31,1,4,Thursday,0
20240802,2024,Q3,8,August,31,2,5,Friday,0
20240803,2024,Q3,8,August,31,3,6,Saturday,1
20240804,2024,Q3,8,August,31,4,7,Sunday,1
20240805,2024,Q3,8,August,32,5,1,Monday,0
20240806,2024,Q3,8,August,32,6,2,Tuesday,0
20240807,2024,Q3,8,August,32,7,3,Wednesday,0
20240808,2024,Q3,8,August,32,8,4,Thursday,0
20240809,2024,Q3,8,August,32,9,5,Friday,0
20240810,2024,Q3,8,August,32,10,6,Saturday,1
20240811,2024,Q3,8,August,32,11,7,Sunday,1
20240812,2024,Q3,8,August,33,12,1,Monday,0
20240813,2024,Q3,8,August,33,13,2,Tuesday,0
20240814,2024,Q3,8,August,33,14,3,Wednesday,0
20240815,2024,Q3,8,August,33,15,4,Thursday,0
20240816,2024,Q3,8,August,33,16,5,Friday,0
20240817,2024,Q3,8,August,33,17,6,Saturday,1
20240818,2024,Q3,8,August,33,18,7,Sunday,1
20240819,2024,Q3,8,August,34,19,1,Monday,0
20240820,2024,Q3,8,August,34,20,2,Tuesday,0
20240821,2024,Q3,8,August,34,21,3,Wednesday,0
20240822,2024,Q3,8,August,34,22,4,Thursday,0
20240823,2024,Q3,8,August,34,23,5,Friday,0
20240824,2024,Q3,8,August,34,24,6,Saturday,1
20240825,2024,Q3,8,August,34,25,7,Sunday,1
20240826,2024,Q3,8,August,35,26,1,Monday,0
20240827,2024,Q3,8,August,35,27,2,Tuesday,0
20240828,2024,Q3,8,August,35,28,3,Wednesday,0
20240829,2024,Q3,8,August,35,29,4,Thursday,0
20240830,2024,Q3,8,August,35,30,5,Friday,0
20240831,2024,Q3,8,August,35,31,6,Saturday,1
20240901,2024,Q3,9,September,35,1,7,Sunday,1
20240902,2024,Q3,9,September,36,2,1,Monday,0
20240903,2024,Q3,9,September,36,3,2,Tuesday,0
20240904,2024,Q3,9,September,36,4,3,Wednesday,0
20240905,2024,Q3,9,September,36,5,4,Thursday,0
20240906,2024,Q3,9,September,36,6,5,Friday,0
20240907,2024,Q3,9,September,36,7,6,Saturday,1
20240908,2024,Q3,9,September,36,8,7,Sunday,1
20240909,2024,Q3,9,September,37,9,1,Monday,0
20240910,2024,Q3,9,September,37,10,2,Tuesday,0
20240911,2024,Q3,9,September,37,11,3,Wednesday,0
20240912,2024,Q3,9,September,37,12,4,Thursday,0
20240913,2024,Q3,9,September,37,13,5,Friday,0
20240914,2024,Q3,9,September,37,14,6,Saturday,1
20240915,2024,Q3,9,September,37,15,7,Sunday,1
20240916,2024,Q3,9,September,38,16,1,Monday,0
20240917,2024,Q3,9,September,38,17,2,Tuesday,0
20240918,2024,Q3,9,September,38,18,3,Wednesday,0
20240919,2024,Q3,9,September,38,19,4,Thursday,0
20240920,2024,Q3,9,September,38,20,5,Friday,0
20240921,2024,Q3,9,September,38,21,6,Saturday,1
20240922,2024,Q3,9,September,38,22,7,Sunday,1
20240923,2024,Q3,9,September,39,23,1,Monday,0
20240924,2024,Q3,9,September,39,24,2,Tuesday,0
20240925,2024,Q3,9,September,39,25,3,Wednesday,0
20240926,2024,Q3,9,September,39,26,4,Thursday,0
20240927,2024,Q3,9,September,39,27,5,Friday,0
20240928,2024,Q3,9,September,39,28,6,Saturday,1
20240929,2024,Q3,9,September,39,29,7,Sunday,1
20240930,2024,Q3,9,September,40,30,1,Monday,0
20241001,2024,Q4,10,October,40,1,2,Tuesday,0
20241002,2024,Q4,10,October,40,2,3,Wednesday,0
20241003,2024,Q4,10,October,40,3,4,Thursday,0
20241004,2024,Q4,10,October,40,4,5,Friday,0
20241005,2024,Q4,10,October,40,5,6,Saturday,1
20241006,2024,Q4,10,October,40,6,7,Sunday,1
20241007,2024,Q4,10,October,41,7,1,Monday,0
20241008,2024,Q4,10,October,41,8,2,Tuesday,0
20241009,2024,Q4,10,October,41,9,3,Wednesday,0
20241010,2024,Q4,10,October,41,10,4,Thursday,0
20241011,2024,Q4,10,October,41,11,5,Friday,0
20241012,2024,Q4,10,October,41,12,6,Saturday,1
20241013,2024,Q4,10,October,41,13,7,Sunday,1
20241014,2024,Q4,10,October,42,14,1,Monday,0
20241015,2024,Q4,10,October,42,15,2,Tuesday,0
20241016,2024,Q4,10,October,42,16,3,Wednesday,0
20241017,2024,Q4,10,October,42,17,4,Thursday,0
20241018,2024,Q4,10,October,42,18,5,Friday,0
20241019,2024,Q4,10,October,42,19,6,Saturday,1
20241020,2024,Q4,10,October,42,20,7,Sunday,1
20241021,2024,Q4,10,October,43,21,1,Monday,0
20241022,2024,Q4,10,October,43,22,2,Tuesday,0
20241023,2024,Q4,10,October,43,23,3,Wednesday,0
20241024,2024,Q4,10,October,43,24,4,Thursday,0
20241025,2024,Q4,10,October,43,25,5,Friday,0
20241026,2024,Q4,10,October,43,26,6,Saturday,1
20241027,2024,Q4,10,October,43,27,7,Sunday,1
20241028,2024,Q4,10,October,44,28,1,Monday,0
20241029,2024,Q4,10,October,44,29,2,Tuesday,0
20241030,2024,Q4,10,October,44,30,3,Wednesday,0
20241031,2024,Q4,10,October,44,31,4,Thursday,0
20241101,2024,Q4,11,November,44,1,5,Friday,0
20241102,2024,Q4,11,November,44,2,6,Saturday,1
20241103,2024,Q4,11,November,44,3,7,Sunday,1
20241104,2024,Q4,11,November,45,4,1,Monday,0
20241105,2024,Q4,11,November,45,5,2,Tuesday,0
20241106,2024,Q4,11,November,45,6,3,Wednesday,0
20241107,2024,Q4,11,November,45,7,4,Thursday,0
20241108,2024,Q4,11,November,45,8,5,Friday,0
20241109,2024,Q4,11,November,45,9,6,Saturday,1
20241110,2024,Q4,11,November,45,10,7,Sunday,1
20241111,2024,Q4,11,November,46,11,1,Monday,0
20241112,2024,Q4,11,November,46,12,2,Tuesday,0
20241113,2024,Q4,11,November,46,13,3,Wednesday,0
20241114,2024,Q4,11,November,46,14,4,Thursday,0
20241115,2024,Q4,11,November,46,15,5,Friday,0
20241116,2024,Q4,11,November,46,16,6,Saturday,1
20241117,2024,Q4,11,November,46,17,7,Sunday,1
20241118,2024,Q4,11,November,47,18,1,Monday,0
20241119,2024,Q4,11,November,47,19,2,Tuesday,0
20241120,2024,Q4,11,November,47,20,3,Wednesday,0
20241121,2024,Q4,11,November,47,21,4,Thursday,0
20241122,2024,Q4,11,November,47,22,5,Friday,0
20241123,2024,Q4,11,November,47,23,6,Saturday,1
20241124,2024,Q4,11,November,47,24,7,Sunday,1
20241125,2024,Q4,11,November,48,25,1,Monday,0
20241126,2024,Q4,11,November,48,26,2,Tuesday,0
20241127,2024,Q4,11,November,48,27,3,Wednesday,0
20241128,2024,Q4,11,November,48,28,4,Thursday,0
20241129,2024,Q4,11,November,48,29,5,Friday,0
20241130,2024,Q4,11,November,48,30,6,Saturday,1
20241201,2024,Q4,12,December,48,1,7,Sunday,1
20241202,2024,Q4,12,December,49,2,1,Monday,0
20241203,2024,Q4,12,December,49,3,2,Tuesday,0
20241204,2024,Q4,12,December,49,4,3,Wednesday,0
20241205,2024,Q4,12,December,49,5,4,Thursday,0
20241206,2024,Q4,12,December,49,6,5,Friday,0
20241207,2024,Q4,12,December,49,7,6,Saturday,1
20241208,2024,Q4,12,December,49,8,7,Sunday,1
20241209,2024,Q4,12,December,50,9,1,Monday,0
20241210,2024,Q4,12,December,50,10,2,Tuesday,0
20241211,2024,Q4,12,December,50,11,3,Wednesday,0
20241212,2024,Q4,12,December,50,12,4,Thursday,0
20241213,2024,Q4,12,December,50,13,5,Friday,0
20241214,2024,Q4,12,December,50,14,6,Saturday,1
20241215,2024,Q4,12,December,50,15,7,Sunday,1
20241216,2024,Q4,12,December,51,16,1,Monday,0
20241217,2024,Q4,12,December,51,17,2,Tuesday,0
20241218,2024,Q4,12,December,51,18,3,Wednesday,0
20241219,2024,Q4,12,December,51,19,4,Thursday,0
20241220,2024,Q4,12,December,51,20,5,Friday,0
20241221,2024,Q4,12,December,51,21,6,Saturday,1
20241222,2024,Q4,12,December,51,22,7,Sunday,1
20241223,2024,Q4,12,December,52,23,1,Monday,0
20241224,2024,Q4,12,December,52,24,2,Tuesday,0
20241225,2024,Q4,12,December,52,25,3,Wednesday,0
20241226,2024,Q4,12,December,52,26,4,Thursday,0
20241227,2024,Q4,12,December,52,27,5,Friday,0
20241228,2024,Q4,12,December,52,28,6,Saturday,1
20241229,2024,Q4,12,December,52,29,7,Sunday,1
20241230,2024,Q4,12,December,1,30,1,Monday,0
20241231,2024,Q4,12,December,1,31,2,Tuesday,0
20250101,2025,Q1,1,January,1,1,3,Wednesday,0
20250102,2025,Q1,1,January,1,2,4,Thursday,0
20250103,2025,Q1,1,January,1,3,5,Friday,0
20250104,2025,Q1,1,January,1,4,6,Saturday,1
20250105,2025,Q1,1,January,1,5,7,Sunday,1
20250106,2025,Q1,1,January,2,6,1,Monday,0
20250107,2025,Q1,1,January,2,7,2,Tuesday,0
20250108,2025,Q1,1,January,2,8,3,Wednesday,0
20250109,2025,Q1,1,January,2,9,4,Thursday,0
20250110,2025,Q1,1,January,2,10,5,Friday,0
20250111,2025,Q1,1,January,2,11,6,Saturday,1
20250112,2025,Q1,1,January,2,12,7,Sunday,1
20250113,2025,Q1,1,January,3,13,1,Monday,0
20250114,2025,Q1,1,January,3,14,2,Tuesday,0
20250115,2025,Q1,1,January,3,15,3,Wednesday,0
20250116,2025,Q1,1,January,3,16,4,Thursday,0
20250117,2025,Q1,1,January,3,17,5,Friday,0
20250118,2025,Q1,1,January,3,18,6,Saturday,1
20250119,2025,Q1,1,January,3,19,7,Sunday,1
20250120,2025,Q1,1,January,4,20,1,Monday,0
20250121,2025,Q1,1,January,4,21,2,Tuesday,0
20250122,2025,Q1,1,January,4,22,3,Wednesday,0
20250123,2025,Q1,1,January,4,23,4,Thursday,0
20250124,2025,Q1,1,January,4,24,5,Friday,0
20250125,2025,Q1,1,January,4,25,6,Saturday,1
20250126,2025,Q1,1,January,4,26,7,Sunday,1
20250127,2025,Q1,1,January,5,27,1,Monday,0
20250128,2025,Q1,1,January,5,28,2,Tuesday,0
20250129,2025,Q1,1,January,5,29,3,Wednesday,0
20250130,2025,Q1,1,January,5,30,4,Thursday,0
20250131,2025,Q1,1,January,5,31,5,Friday,0
20250201,2025,Q1,2,February,5,1,6,Saturday,1
20250202,2025,Q1,2,February,5,2,7,Sunday,1
20250203,2025,Q1,2,February,6,3,1,Monday,0
20250204,2025,Q1,2,February,6,4,2,Tuesday,0
20250205,2025,Q1,2,February,6,5,3,Wednesday,0
20250206,2025,Q1,2,February,6,6,4,Thursday,0
20250207,2025,Q1,2,February,6,7,5,Friday,0
20250208,2025,Q1,2,February,6,8,6,Saturday,1
20250209,2025,Q1,2,February,6,9,7,Sunday,1
20250210,2025,Q1,2,February,7,10,1,Monday,0
20250211,2025,Q1,2,February,7,11,2,Tuesday,0
20250212,2025,Q1,2,February,7,12,3,Wednesday,0
20250213,2025,Q1,2,February,7,13,4,Thursday,0
20250214,2025,Q1,2,February,7,14,5,Friday,0
20250215,2025,Q1,2,February,7,15,6,Saturday,1
20250216,2025,Q1,2,February,7,16,7,Sunday,1
20250217,2025,Q1,2,February,8,17,1,Monday,0
20250218,2025,Q1,2,February,8,18,2,Tuesday,0
20250219,2025,Q1,2,February,8,19,3,Wednesday,0
20250220,2025,Q1,2,February,8,20,4,Thursday,0
20250221,2025,Q1,2,February,8,21,5,Friday,0
20250222,2025,Q1,2,February,8,22,6,Saturday,1
20250223,2025,Q1,2,February,8,23,7,Sunday,1
20250224,2025,Q1,2,February,9,24,1,Monday,0
20250225,2025,Q1,2,February,9,25,2,Tuesday,0
20250226,2025,Q1,2,February,9,26,3,Wednesday,0
20250227,2025,Q1,2,February,9,27,4,Thursday,0
20250228,2025,Q1,2,February,9,28,5,Friday,0
20250301,2025,Q1,3,March,9,1,6,Saturday,1
20250302,2025,Q1,3,March,9,2,7,Sunday,1
20250303,2025,Q1,3,March,10,3,1,Monday,0
20250304,2025,Q1,3,March,10,4,2,Tuesday,0
20250305,2025,Q1,3,March,10,5,3,Wednesday,0
20250306,2025,Q1,3,March,10,6,4,Thursday,0
20250307,2025,Q1,3,March,10,7,5,Friday,0
20250308,2025,Q1,3,March,10,8,6,Saturday,1
20250309,2025,Q1,3,March,10,9,7,Sunday,1
20250310,2025,Q1,3,March,11,10,1,Monday,0
20250311,2025,Q1,3,March,11,11,2,Tuesday,0
20250312,2025,Q1,3,March,11,12,3,Wednesday,0
20250313,2025,Q1,3,March,11,13,4,Thursday,0
20250314,2025,Q1,3,March,11,14,5,Friday,0
20250315,2025,Q1,3,March,11,15,6,Saturday,1
20250316,2025,Q1,3,March,11,16,7,Sunday,1
20250317,2025,Q1,3,March,12,17,1,Monday,0
20250318,2025,Q1,3,March,12,18,2,Tuesday,0
20250319,2025,Q1,3,March,12,19,3,Wednesday,0
20250320,2025,Q1,3,March,12,20,4,Thursday,0
20250321,2025,Q1,3,March,12,21,5,Friday,0
20250322,2025,Q1,3,March,12,22,6,Saturday,1
20250323,2025,Q1,3,March,12,23,7,Sunday,1
20250324,2025,Q1,3,March,13,24,1,Monday,0
20250325,2025,Q1,3,March,13,25,2,Tuesday,0
20250326,2025,Q1,3,March,13,26,3,Wednesday,0
20250327,2025,Q1,3,March,13,27,4,Thursday,0
20250328,2025,Q1,3,March,13,28,5,Friday,0
20250329,2025,Q1,3,March,13,29,6,Saturday,1
20250330,2025,Q1,3,March,13,30,7,Sunday,1
20250331,2025,Q1,3,March,14,31,1,Monday,0
20250401,2025,Q2,4,April,14,1,2,Tuesday,0
20250402,2025,Q2,4,April,14,2,3,Wednesday,0
20250403,2025,Q2,4,April,14,3,4,Thursday,0
20250404,2025,Q2,4,April,14,4,5,Friday,0
20250405,2025,Q2,4,April,14,5,6,Saturday,1
20250406,2025,Q2,4,April,14,6,7,Sunday,1
20250407,2025,Q2,4,April,15,7,1,Monday,0
20250408,2025,Q2,4,April,15,8,2,Tuesday,0
20250409,2025,Q2,4,April,15,9,3,Wednesday,0
20250410,2025,Q2,4,April,15,10,4,Thursday,0
20250411,2025,Q2,4,April,15,11,5,Friday,0
20250412,2025,Q2,4,April,15,12,6,Saturday,1
20250413,2025,Q2,4,April,15,13,7,Sunday,1
20250414,2025,Q2,4,April,16,14,1,Monday,0
20250415,2025,Q2,4,April,16,15,2,Tuesday,0
20250416,2025,Q2,4,April,16,16,3,Wednesday,0
20250417,2025,Q2,4,April,16,17,4,Thursday,0
20250418,2025,Q2,4,April,16,18,5,Friday,0
20250419,2025,Q2,4,April,16,19,6,Saturday,1
20250420,2025,Q2,4,April,16,20,7,Sunday,1
20250421,2025,Q2,4,April,17,21,1,Monday,0
20250422,2025,Q2,4,April,17,22,2,Tuesday,0
20250423,2025,Q2,4,April,17,23,3,Wednesday,0
20250424,2025,Q2,4,April,17,24,4,Thursday,0
20250425,2025,Q2,4,April,17,25,5,Friday,0
20250426,2025,Q2,4,April,17,26,6,Saturday,1
20250427,2025,Q2,4,April,17,27,7,Sunday,1
20250428,2025,Q2,4,April,18,28,1,Monday,0
20250429,2025,Q2,4,April,18,29,2,Tuesday,0
20250430,2025,Q2,4,April,18,30,3,Wednesday,0
20250501,2025,Q2,5,May,18,1,4,Thursday,0
20250502,2025,Q2,5,May,18,2,5,Friday,0
20250503,2025,Q2,5,May,18,3,6,Saturday,1
20250504,2025,Q2,5,May,18,4,7,Sunday,1
20250505,2025,Q2,5,May,19,5,1,Monday,0
20250506,2025,Q2,5,May,19,6,2,Tuesday,0
20250507,2025,Q2,5,May,19,7,3,Wednesday,0
20250508,2025,Q2,5,May,19,8,4,Thursday,0
20250509,2025,Q2,5,May,19,9,5,Friday,0
20250510,2025,Q2,5,May,19,10,6,Saturday,1
20250511,2025,Q2,5,May,19,11,7,Sunday,1
20250512,2025,Q2,5,May,20,12,1,Monday,0
20250513,2025,Q2,5,May,20,13,2,Tuesday,0
20250514,2025,Q2,5,May,20,14,3,Wednesday,0
20250515,2025,Q2,5,May,20,15,4,Thursday,0
20250516,2025,Q2,5,May,20,16,5,Friday,0
20250517,2025,Q2,5,May,20,17,6,Saturday,1
20250518,2025,Q2,5,May,20,18,7,Sunday,1
20250519,2025,Q2,5,May,21,19,1,Monday,0
20250520,2025,Q2,5,May,21,20,2,Tuesday,0
20250521,2025,Q2,5,May,21,21,3,Wednesday,0
20250522,2025,Q2,5,May,21,22,4,Thursday,0
20250523,2025,Q2,5,May,21,23,5,Friday,0
20250524,2025,Q2,5,May,21,24,6,Saturday,1
20250525,2025,Q2,5,May,21,25,7,Sunday,1
20250526,2025,Q2,5,May,22,26,1,Monday,0
20250527,2025,Q2,5,May,22,27,2,Tuesday,0
20250528,2025,Q2,5,May,22,28,3,Wednesday,0
20250529,2025,Q2,5,May,22,29,4,Thursday,0
20250530,2025,Q2,5,May,22,30,5,Friday,0
20250531,2025,Q2,5,May,22,31,6,Saturday,1
20250601,2025,Q2,6,June,22,1,7,Sunday,1
20250602,2025,Q2,6,June,23,2,1,Monday,0
20250603,2025,Q2,6,June,23,3,2,Tuesday,0
20250604,2025,Q2,6,June,23,4,3,Wednesday,0
20250605,2025,Q2,6,June,23,5,4,Thursday,0
20250606,2025,Q2,6,June,23,6,5,Friday,0
20250607,2025,Q2,6,June,23,7,6,Saturday,1
20250608,2025,Q2,6,June,23,8,7,Sunday,1
20250609,2025,Q2,6,June,24,9,1,Monday,0
20250610,2025,Q2,6,June,24,10,2,Tuesday,0
20250611,2025,Q2,6,June,24,11,3,Wednesday,0
20250612,2025,Q2,6,June,24,12,4,Thursday,0
20250613,2025,Q2,6,June,24,13,5,Friday,0
20250614,2025,Q2,6,June,24,14,6,Saturday,1
20250615,2025,Q2,6,June,24,15,7,Sunday,1
20250616,2025,Q2,6,June,25,16,1,Monday,0
20250617,2025,Q2,6,June,25,17,2,Tuesday,0
20250618,2025,Q2,6,June,25,18,3,Wednesday,0
20250619,2025,Q2,6,June,25,19,4,Thursday,0
20250620,2025,Q2,6,June,25,20,5,Friday,0
20250621,2025,Q2,6,June,25,21,6,Saturday,1
20250622,2025,Q2,6,June,25,22,7,Sunday,1
20250623,2025,Q2,6,June,26,23,1,Monday,0
20250624,2025,Q2,6,June,26,24,2,Tuesday,0
20250625,2025,Q2,6,June,26,25,3,Wednesday,0
20250626,2025,Q2,6,June,26,26,4,Thursday,0
20250627,2025,Q2,6,June,26,27,5,Friday,0
20250628,2025,Q2,6,June,26,28,6,Saturday,1
20250629,2025,Q2,6,June,26,29,7,Sunday,1
20250630,2025,Q2,6,June,27,30,1,Monday,0
20250701,2025,Q3,7,July,27,1,2,Tuesday,0
20250702,2025,Q3,7,July,27,2,3,Wednesday,0
20250703,2025,Q3,7,July,27,3,4,Thursday,0
20250704,2025,Q3,7,July,27,4,5,Friday,0
20250705,2025,Q3,7,July,27,5,6,Saturday,1
20250706,2025,Q3,7,July,27,6,7,Sunday,1
20250707,2025,Q3,7,July,28,7,1,Monday,0
20250708,2025,Q3,7,July,28,8,2,Tuesday,0
20250709,2025,Q3,7,July,28,9,3,Wednesday,0
20250710,2025,Q3,7,July,28,10,4,Thursday,0
20250711,2025,Q3,7,July,28,11,5,Friday,0
20250712,2025,Q3,7,July,28,12,6,Saturday,1
20250713,2025,Q3,7,July,28,13,7,Sunday,1
20250714,2025,Q3,7,July,29,14,1,Monday,0
20250715,2025,Q3,7,July,29,15,2,Tuesday,0
20250716,2025,Q3,7,July,29,16,3,Wednesday,0
20250717,2025,Q3,7,July,29,17,4,Thursday,0
20250718,2025,Q3,7,July,29,18,5,Friday,0
20250719,2025,Q3,7,July,29,19,6,Saturday,1
20250720,2025,Q3,7,July,29,20,7,Sunday,1
20250721,2025,Q3,7,July,30,21,1,Monday,0
20250722,2025,Q3,7,July,30,22,2,Tuesday,0
20250723,2025,Q3,7,July,30,23,3,Wednesday,0
20250724,2025,Q3,7,July,30,24,4,Thursday,0
20250725,2025,Q3,7,July,30,25,5,Friday,0
20250726,2025,Q3,7,July,30,26,6,Saturday,1
20250727,2025,Q3,7,July,30,27,7,Sunday,1
20250728,2025,Q3,7,July,31,28,1,Monday,0
20250729,2025,Q3,7,July,31,29,2,Tuesday,0
20250730,2025,Q3,7,July,31,30,3,Wednesday,0
20250731,2025,Q3,7,July,31,31,4,Thursday,0
20250801,2025,Q3,8,August,31,1,5,Friday,0
20250802,2025,Q3,8,August,31,2,6,Saturday,1
20250803,2025,Q3,8,August,31,3,7,Sunday,1
20250804,2025,Q3,8,August,32,4,1,Monday,0
20250805,2025,Q3,8,August,32,5,2,Tuesday,0
20250806,2025,Q3,8,August,32,6,3,Wednesday,0
20250807,2025,Q3,8,August,32,7,4,Thursday,0
20250808,2025,Q3,8,August,32,8,5,Friday,0
20250809,2025,Q3,8,August,32,9,6,Saturday,1
20250810,2025,Q3,8,August,32,10,7,Sunday,1
20250811,2025,Q3,8,August,33,11,1,Monday,0
20250812,2025,Q3,8,August,33,12,2,Tuesday,0
20250813,2025,Q3,8,August,33,13,3,Wednesday,0
20250814,2025,Q3,8,August,33,14,4,Thursday,0
20250815,2025,Q3,8,August,33,15,5,Friday,0
20250816,2025,Q3,8,August,33,16,6,Saturday,1
20250817,2025,Q3,8,August,33,17,7,Sunday,1
20250818,2025,Q3,8,August,34,18,1,Monday,0
20250819,2025,Q3,8,August,34,19,2,Tuesday,0
20250820,2025,Q3,8,August,34,20,3,Wednesday,0
20250821,2025,Q3,8,August,34,21,4,Thursday,0
20250822,2025,Q3,8,August,34,22,5,Friday,0
20250823,2025,Q3,8,August,34,23,6,Saturday,1
20250824,2025,Q3,8,August,34,24,7,Sunday,1
20250825,2025,Q3,8,August,35,25,1,Monday,0
20250826,2025,Q3,8,August,35,26,2,Tuesday,0
20250827,2025,Q3,8,August,35,27,3,Wednesday,0
20250828,2025,Q3,8,August,35,28,4,Thursday,0
20250829,2025,Q3,8,August,35,29,5,Friday,0
20250830,2025,Q3,8,August,35,30,6,Saturday,1
20250831,2025,Q3,8,August,35,31,7,Sunday,1
20250901,2025,Q3,9,September,36,1,1,Monday,0
20250902,2025,Q3,9,September,36,2,2,Tuesday,0
20250903,2025,Q3,9,September,36,3,3,Wednesday,0
20250904,2025,Q3,9,September,36,4,4,Thursday,0
20250905,2025,Q3,9,September,36,5,5,Friday,0
20250906,2025,Q3,9,September,36,6,6,Saturday,1
20250907,2025,Q3,9,September,36,7,7,Sunday,1
20250908,2025,Q3,9,September,37,8,1,Monday,0
20250909,2025,Q3,9,September,37,9,2,Tuesday,0
20250910,2025,Q3,9,September,37,10,3,Wednesday,0
20250911,2025,Q3,9,September,37,11,4,Thursday,0
20250912,2025,Q3,9,September,37,12,5,Friday,0
20250913,2025,Q3,9,September,37,13,6,Saturday,1
20250914,2025,Q3,9,September,37,14,7,Sunday,1
20250915,2025,Q3,9,September,38,15,1,Monday,0
20250916,2025,Q3,9,September,38,16,2,Tuesday,0
20250917,2025,Q3,9,September,38,17,3,Wednesday,0
20250918,2025,Q3,9,September,38,18,4,Thursday,0
20250919,2025,Q3,9,September,38,19,5,Friday,0
20250920,2025,Q3,9,September,38,20,6,Saturday,1
20250921,2025,Q3,9,September,38,21,7,Sunday,1
20250922,2025,Q3,9,September,39,22,1,Monday,0
20250923,2025,Q3,9,September,39,23,2,Tuesday,0
20250924,2025,Q3,9,September,39,24,3,Wednesday,0
20250925,2025,Q3,9,September,39,25,4,Thursday,0
20250926,2025,Q3,9,September,39,26,5,Friday,0
20250927,2025,Q3,9,September,39,27,6,Saturday,1
20250928,2025,Q3,9,September,39,28,7,Sunday,1
20250929,2025,Q3,9,September,40,29,1,Monday,0
20250930,2025,Q3,9,September,40,30,2,Tuesday,0
20251001,2025,Q4,10,October,40,1,3,Wednesday,0
20251002,2025,Q4,10,October,40,2,4,Thursday,0
20251003,2025,Q4,10,October,40,3,5,Friday,0
20251004,2025,Q4,10,October,40,4,6,Saturday,1
20251005,2025,Q4,10,October,40,5,7,Sunday,1
20251006,2025,Q4,10,October,41,6,1,Monday,0
20251007,2025,Q4,10,October,41,7,2,Tuesday,0
20251008,2025,Q4,10,October,41,8,3,Wednesday,0
20251009,2025,Q4,10,October,41,9,4,Thursday,0
20251010,2025,Q4,10,October,41,10,5,Friday,0
20251011,2025,Q4,10,October,41,11,6,Saturday,1
20251012,2025,Q4,10,October,41,12,7,Sunday,1
20251013,2025,Q4,10,October,42,13,1,Monday,0
20251014,2025,Q4,10,October,42,14,2,Tuesday,0
20251015,2025,Q4,10,October,42,15,3,Wednesday,0
20251016,2025,Q4,10,October,42,16,4,Thursday,0
20251017,2025,Q4,10,October,42,17,5,Friday,0
20251018,2025,Q4,10,October,42,18,6,Saturday,1
20251019,2025,Q4,10,October,42,19,7,Sunday,1
20251020,2025,Q4,10,October,43,20,1,Monday,0
20251021,2025,Q4,10,October,43,21,2,Tuesday,0
20251022,2025,Q4,10,October,43,22,3,Wednesday,0
20251023,2025,Q4,10,October,43,23,4,Thursday,0
20251024,2025,Q4,10,October,43,24,5,Friday,0
20251025,2025,Q4,10,October,43,25,6,Saturday,1
20251026,2025,Q4,10,October,43,26,7,Sunday,1
20251027,2025,Q4,10,October,44,27,1,Monday,0
20251028,2025,Q4,10,October,44,28,2,Tuesday,0
20251029,2025,Q4,10,October,44,29,3,Wednesday,0
20251030,2025,Q4,10,October,44,30,4,Thursday,0
20251031,2025,Q4,10,October,44,31,5,Friday,0
20251101,2025,Q4,11,November,44,1,6,Saturday,1
20251102,2025,Q4,11,November,44,2,7,Sunday,1
20251103,2025,Q4,11,November,45,3,1,Monday,0
20251104,2025,Q4,11,November,45,4,2,Tuesday,0
20251105,2025,Q4,11,November,45,5,3,Wednesday,0
20251106,2025,Q4,11,November,45,6,4,Thursday,0
20251107,2025,Q4,11,November,45,7,5,Friday,0
20251108,2025,Q4,11,November,45,8,6,Saturday,1
20251109,2025,Q4,11,November,45,9,7,Sunday,1
20251110,2025,Q4,11,November,46,10,1,Monday,0
20251111,2025,Q4,11,November,46,11,2,Tuesday,0
20251112,2025,Q4,11,November,46,12,3,Wednesday,0
20251113,2025,Q4,11,November,46,13,4,Thursday,0
20251114,2025,Q4,11,November,46,14,5,Friday,0
20251115,2025,Q4,11,November,46,15,6,Saturday,1
20251116,2025,Q4,11,November,46,16,7,Sunday,1
20251117,2025,Q4,11,November,47,17,1,Monday,0
20251118,2025,Q4,11,November,47,18,2,Tuesday,0
20251119,2025,Q4,11,November,47,19,3,Wednesday,0
20251120,2025,Q4,11,November,47,20,4,Thursday,0
20251121,2025,Q4,11,November,47,21,5,Friday,0
20251122,2025,Q4,11,November,47,22,6,Saturday,1
20251123,2025,Q4,11,November,47,23,7,Sunday,1
20251124,2025,Q4,11,November,48,24,1,Monday,0
20251125,2025,Q4,11,November,48,25,2,Tuesday,0
20251126,2025,Q4,11,November,48,26,3,Wednesday,0
20251127,2025,Q4,11,November,48,27,4,Thursday,0
20251128,2025,Q4,11,November,48,28,5,Friday,0
20251129,2025,Q4,11,November,48,29,6,Saturday,1
20251130,2025,Q4,11,November,48,30,7,Sunday,1
20251201,2025,Q4,12,December,49,1,1,Monday,0
20251202,2025,Q4,12,December,49,2,2,Tuesday,0
20251203,2025,Q4,12,December,49,3,3,Wednesday,0
20251204,2025,Q4,12,December,49,4,4,Thursday,0
20251205,2025,Q4,12,December,49,5,5,Friday,0
20251206,2025,Q4,12,December,49,6,6,Saturday,1
20251207,2025,Q4,12,December,49,7,7,Sunday,1
20251208,2025,Q4,12,December,50,8,1,Monday,0
20251209,2025,Q4,12,December,50,9,2,Tuesday,0
20251210,2025,Q4,12,December,50,10,3,Wednesday,0
20251211,2025,Q4,12,December,50,11,4,Thursday,0
20251212,2025,Q4,12,December,50,12,5,Friday,0
20251213,2025,Q4,12,December,50,13,6,Saturday,1
20251214,2025,Q4,12,December,50,14,7,Sunday,1
20251215,2025,Q4,12,December,51,15,1,Monday,0
20251216,2025,Q4,12,December,51,16,2,Tuesday,0
20251217,2025,Q4,12,December,51,17,3,Wednesday,0
20251218,2025,Q4,12,December,51,18,4,Thursday,0
20251219,2025,Q4,12,December,51,19,5,Friday,0
20251220,2025,Q4,12,December,51,20,6,Saturday,1
20251221,2025,Q4,12,December,51,21,7,Sunday,1
20251222,2025,Q4,12,December,52,22,1,Monday,0
20251223,2025,Q4,12,December,52,23,2,Tuesday,0
20251224,2025,Q4,12,December,52,24,3,Wednesday,0
20251225,2025,Q4,12,December,52,25,4,Thursday,0
20251226,2025,Q4,12,December,52,26,5,Friday,0
20251227,2025,Q4,12,December,52,27,6,Saturday,1
20251228,2025,Q4,12,December,52,28,7,Sunday,1
20251229,2025,Q4,12,December,1,29,1,Monday,0
20251230,2025,Q4,12,December,1,30,2,Tuesday,0
20251231,2025,Q4,12,December,1,31,3,Wednesday,0
20260101,2026,Q1,1,January,1,1,4,Thursday,0
20260102,2026,Q1,1,January,1,2,5,Friday,0
20260103,2026,Q1,1,January,1,3,6,Saturday,1
20260104,2026,Q1,1,January,1,4,7,Sunday,1
20260105,2026,Q1,1,January,2,5,1,Monday,0
20260106,2026,Q1,1,January,2,6,2,Tuesday,0
20260107,2026,Q1,1,January,2,7,3,Wednesday,0
20260108,2026,Q1,1,January,2,8,4,Thursday,0
20260109,2026,Q1,1,January,2,9,5,Friday,0
20260110,2026,Q1,1,January,2,10,6,Saturday,1
20260111,2026,Q1,1,January,2,11,7,Sunday,1
20260112,2026,Q1,1,January,3,12,1,Monday,0
20260113,2026,Q1,1,January,3,13,2,Tuesday,0
20260114,2026,Q1,1,January,3,14,3,Wednesday,0
20260115,2026,Q1,1,January,3,15,4,Thursday,0
20260116,2026,Q1,1,January,3,16,5,Friday,0
20260117,2026,Q1,1,January,3,17,6,Saturday,1
20260118,2026,Q1,1,January,3,18,7,Sunday,1
20260119,2026,Q1,1,January,4,19,1,Monday,0
20260120,2026,Q1,1,January,4,20,2,Tuesday,0
20260121,2026,Q1,1,January,4,21,3,Wednesday,0
20260122,2026,Q1,1,January,4,22,4,Thursday,0
20260123,2026,Q1,1,January,4,23,5,Friday,0
20260124,2026,Q1,1,January,4,24,6,Saturday,1
20260125,2026,Q1,1,January,4,25,7,Sunday,1
20260126,2026,Q1,1,January,5,26,1,Monday,0
20260127,2026,Q1,1,January,5,27,2,Tuesday,0
20260128,2026,Q1,1,January,5,28,3,Wednesday,0
20260129,2026,Q1,1,January,5,29,4,Thursday,0
20260130,2026,Q1,1,January,5,30,5,Friday,0
20260131,2026,Q1,1,January,5,31,6,Saturday,1
20260201,2026,Q1,2,February,5,1,7,Sunday,1
20260202,2026,Q1,2,February,6,2,1,Monday,0
20260203,2026,Q1,2,February,6,3,2,Tuesday,0
20260204,2026,Q1,2,February,6,4,3,Wednesday,0
20260205,2026,Q1,2,February,6,5,4,Thursday,0
20260206,2026,Q1,2,February,6,6,5,Friday,0
20260207,2026,Q1,2,February,6,7,6,Saturday,1
20260208,2026,Q1,2,February,6,8,7,Sunday,1
20260209,2026,Q1,2,February,7,9,1,Monday,0
20260210,2026,Q1,2,February,7,10,2,Tuesday,0
20260211,2026,Q1,2,February,7,11,3,Wednesday,0
20260212,2026,Q1,2,February,7,12,4,Thursday,0
20260213,2026,Q1,2,February,7,13,5,Friday,0
20260214,2026,Q1,2,February,7,14,6,Saturday,1
20260215,2026,Q1,2,February,7,15,7,Sunday,1
20260216,2026,Q1,2,February,8,16,1,Monday,0
20260217,2026,Q1,2,February,8,17,2,Tuesday,0
20260218,2026,Q1,2,February,8,18,3,Wednesday,0
20260219,2026,Q1,2,February,8,19,4,Thursday,0
20260220,2026,Q1,2,February,8,20,5,Friday,0
20260221,2026,Q1,2,February,8,21,6,Saturday,1
20260222,2026,Q1,2,February,8,22,7,Sunday,1
20260223,2026,Q1,2,February,9,23,1,Monday,0
20260224,2026,Q1,2,February,9,24,2,Tuesday,0
20260225,2026,Q1,2,February,9,25,3,Wednesday,0
20260226,2026,Q1,2,February,9,26,4,Thursday,0
20260227,2026,Q1,2,February,9,27,5,Friday,0
20260228,2026,Q1,2,February,9,28,6,Saturday,1
20260301,2026,Q1,3,March,9,1,7,Sunday,1
20260302,2026,Q1,3,March,10,2,1,Monday,0
20260303,2026,Q1,3,March,10,3,2,Tuesday,0
20260304,2026,Q1,3,March,10,4,3,Wednesday,0
20260305,2026,Q1,3,March,10,5,4,Thursday,0
20260306,2026,Q1,3,March,10,6,5,Friday,0
20260307,2026,Q1,3,March,10,7,6,Saturday,1
20260308,2026,Q1,3,March,10,8,7,Sunday,1
20260309,2026,Q1,3,March,11,9,1,Monday,0
20260310,2026,Q1,3,March,11,10,2,Tuesday,0
20260311,2026,Q1,3,March,11,11,3,Wednesday,0
20260312,2026,Q1,3,March,11,12,4,Thursday,0
20260313,2026,Q1,3,March,11,13,5,Friday,0
20260314,2026,Q1,3,March,11,14,6,Saturday,1
20260315,2026,Q1,3,March,11,15,7,Sunday,1
20260316,2026,Q1,3,March,12,16,1,Monday,0
20260317,2026,Q1,3,March,12,17,2,Tuesday,0
20260318,2026,Q1,3,March,12,18,3,Wednesday,0
20260319,2026,Q1,3,March,12,19,4,Thursday,0
20260320,2026,Q1,3,March,12,20,5,Friday,0
20260321,2026,Q1,3,March,12,21,6,Saturday,1
20260322,2026,Q1,3,March,12,22,7,Sunday,1
20260323,2026,Q1,3,March,13,23,1,Monday,0
20260324,2026,Q1,3,March,13,24,2,Tuesday,0
20260325,2026,Q1,3,March,13,25,3,Wednesday,0
20260326,2026,Q1,3,March,13,26,4,Thursday,0
20260327,2026,Q1,3,March,13,27,5,Friday,0
20260328,2026,Q1,3,March,13,28,6,Saturday,1
20260329,2026,Q1,3,March,13,29,7,Sunday,1
20260330,2026,Q1,3,March,14,30,1,Monday,0
20260331,2026,Q1,3,March,14,31,2,Tuesday,0
20260401,2026,Q2,4,April,14,1,3,Wednesday,0
20260402,2026,Q2,4,April,14,2,4,Thursday,0
20260403,2026,Q2,4,April,14,3,5,Friday,0
20260404,2026,Q2,4,April,14,4,6,Saturday,1
20260405,2026,Q2,4,April,14,5,7,Sunday,1
20260406,2026,Q2,4,April,15,6,1,Monday,0
20260407,2026,Q2,4,April,15,7,2,Tuesday,0
20260408,2026,Q2,4,April,15,8,3,Wednesday,0
20260409,2026,Q2,4,April,15,9,4,Thursday,0
20260410,2026,Q2,4,April,15,10,5,Friday,0
20260411,2026,Q2,4,April,15,11,6,Saturday,1
20260412,2026,Q2,4,April,15,12,7,Sunday,1
20260413,2026,Q2,4,April,16,13,1,Monday,0
20260414,2026,Q2,4,April,16,14,2,Tuesday,0
20260415,2026,Q2,4,April,16,15,3,Wednesday,0
20260416,2026,Q2,4,April,16,16,4,Thursday,0
20260417,2026,Q2,4,April,16,17,5,Friday,0
20260418,2026,Q2,4,April,16,18,6,Saturday,1
20260419,2026,Q2,4,April,16,19,7,Sunday,1
20260420,2026,Q2,4,April,17,20,1,Monday,0
20260421,2026,Q2,4,April,17,21,2,Tuesday,0
20260422,2026,Q2,4,April,17,22,3,Wednesday,0
20260423,2026,Q2,4,April,17,23,4,Thursday,0
20260424,2026,Q2,4,April,17,24,5,Friday,0
20260425,2026,Q2,4,April,17,25,6,Saturday,1
20260426,2026,Q2,4,April,17,26,7,Sunday,1
20260427,2026,Q2,4,April,18,27,1,Monday,0
20260428,2026,Q2,4,April,18,28,2,Tuesday,0
20260429,2026,Q2,4,April,18,29,3,Wednesday,0
20260430,2026,Q2,4,April,18,30,4,Thursday,0
20260501,2026,Q2,5,May,18,1,5,Friday,0
20260502,2026,Q2,5,May,18,2,6,Saturday,1
20260503,2026,Q2,5,May,18,3,7,Sunday,1
20260504,2026,Q2,5,May,19,4,1,Monday,0
20260505,2026,Q2,5,May,19,5,2,Tuesday,0
20260506,2026,Q2,5,May,19,6,3,Wednesday,0
20260507,2026,Q2,5,May,19,7,4,Thursday,0
20260508,2026,Q2,5,May,19,8,5,Friday,0
20260509,2026,Q2,5,May,19,9,6,Saturday,1
20260510,2026,Q2,5,May,19,10,7,Sunday,1
20260511,2026,Q2,5,May,20,11,1,Monday,0
20260512,2026,Q2,5,May,20,12,2,Tuesday,0
20260513,2026,Q2,5,May,20,13,3,Wednesday,0
20260514,2026,Q2,5,May,20,14,4,Thursday,0
20260515,2026,Q2,5,May,20,15,5,Friday,0
20260516,2026,Q2,5,May,20,16,6,Saturday,1
20260517,2026,Q2,5,May,20,17,7,Sunday,1
20260518,2026,Q2,5,May,21,18,1,Monday,0
20260519,2026,Q2,5,May,21,19,2,Tuesday,0
20260520,2026,Q2,5,May,21,20,3,Wednesday,0
20260521,2026,Q2,5,May,21,21,4,Thursday,0
20260522,2026,Q2,5,May,21,22,5,Friday,0
20260523,2026,Q2,5,May,21,23,6,Saturday,1
20260524,2026,Q2,5,May,21,24,7,Sunday,1
20260525,2026,Q2,5,May,22,25,1,Monday,0
20260526,2026,Q2,5,May,22,26,2,Tuesday,0
20260527,2026,Q2,5,May,22,27,3,Wednesday,0
20260528,2026,Q2,5,May,22,28,4,Thursday,0
20260529,2026,Q2,5,May,22,29,5,Friday,0
20260530,2026,Q2,5,May,22,30,6,Saturday,1
20260531,2026,Q2,5,May,22,31,7,Sunday,1
20260601,2026,Q2,6,June,23,1,1,Monday,0
20260602,2026,Q2,6,June,23,2,2,Tuesday,0
20260603,2026,Q2,6,June,23,3,3,Wednesday,0
20260604,2026,Q2,6,June,23,4,4,Thursday,0
20260605,2026,Q2,6,June,23,5,5,Friday,0
20260606,2026,Q2,6,June,23,6,6,Saturday,1
20260607,2026,Q2,6,June,23,7,7,Sunday,1
20260608,2026,Q2,6,June,24,8,1,Monday,0
20260609,2026,Q2,6,June,24,9,2,Tuesday,0
20260610,2026,Q2,6,June,24,10,3,Wednesday,0
20260611,2026,Q2,6,June,24,11,4,Thursday,0
20260612,2026,Q2,6,June,24,12,5,Friday,0
20260613,2026,Q2,6,June,24,13,6,Saturday,1
20260614,2026,Q2,6,June,24,14,7,Sunday,1
20260615,2026,Q2,6,June,25,15,1,Monday,0
20260616,2026,Q2,6,June,25,16,2,Tuesday,0
20260617,2026,Q2,6,June,25,17,3,Wednesday,0
20260618,2026,Q2,6,June,25,18,4,Thursday,0
20260619,2026,Q2,6,June,25,19,5,Friday,0
20260620,2026,Q2,6,June,25,20,6,Saturday,1
20260621,2026,Q2,6,June,25,21,7,Sunday,1
20260622,2026,Q2,6,June,26,22,1,Monday,0
20260623,2026,Q2,6,June,26,23,2,Tuesday,0
20260624,2026,Q2,6,June,26,24,3,Wednesday,0
20260625,2026,Q2,6,June,26,25,4,Thursday,0
20260626,2026,Q2,6,June,26,26,5,Friday,0
20260627,2026,Q2,6,June,26,27,6,Saturday,1
20260628,2026,Q2,6,June,26,28,7,Sunday,1
20260629,2026,Q2,6,June,27,29,1,Monday,0
20260630,2026,Q2,6,June,27,30,2,Tuesday,0
20260701,2026,Q3,7,July,27,1,3,Wednesday,0
20260702,2026,Q3,7,July,27,2,4,Thursday,0
20260703,2026,Q3,7,July,27,3,5,Friday,0
20260704,2026,Q3,7,July,27,4,6,Saturday,1
20260705,2026,Q3,7,July,27,5,7,Sunday,1
20260706,2026,Q3,7,July,28,6,1,Monday,0
20260707,2026,Q3,7,July,28,7,2,Tuesday,0
20260708,2026,Q3,7,July,28,8,3,Wednesday,0
20260709,2026,Q3,7,July,28,9,4,Thursday,0
20260710,2026,Q3,7,July,28,10,5,Friday,0
20260711,2026,Q3,7,July,28,11,6,Saturday,1
20260712,2026,Q3,7,July,28,12,7,Sunday,1
20260713,2026,Q3,7,July,29,13,1,Monday,0
20260714,2026,Q3,7,July,29,14,2,Tuesday,0
20260715,2026,Q3,7,July,29,15,3,Wednesday,0
20260716,2026,Q3,7,July,29,16,4,Thursday,0
20260717,2026,Q3,7,July,29,17,5,Friday,0
20260718,2026,Q3,7,July,29,18,6,Saturday,1
20260719,2026,Q3,7,July,29,19,7,Sunday,1
20260720,2026,Q3,7,July,30,20,1,Monday,0
20260721,2026,Q3,7,July,30,21,2,Tuesday,0
20260722,2026,Q3,7,July,30,22,3,Wednesday,0
20260723,2026,Q3,7,July,30,23,4,Thursday,0
20260724,2026,Q3,7,July,30,24,5,Friday,0
20260725,2026,Q3,7,July,30,25,6,Saturday,1
20260726,2026,Q3,7,July,30,26,7,Sunday,1
20260727,2026,Q3,7,July,31,27,1,Monday,0
20260728,2026,Q3,7,July,31,28,2,Tuesday,0
20260729,2026,Q3,7,July,31,29,3,Wednesday,0
20260730,2026,Q3,7,July,31,30,4,Thursday,0
20260731,2026,Q3,7,July,31,31,5,Friday,0
20260801,2026,Q3,8,August,31,1,6,Saturday,1
20260802,2026,Q3,8,August,31,2,7,Sunday,1
20260803,2026,Q3,8,August,32,3,1,Monday,0
20260804,2026,Q3,8,August,32,4,2,Tuesday,0
20260805,2026,Q3,8,August,32,5,3,Wednesday,0
20260806,2026,Q3,8,August,32,6,4,Thursday,0
20260807,2026,Q3,8,August,32,7,5,Friday,0
20260808,2026,Q3,8,August,32,8,6,Saturday,1
20260809,2026,Q3,8,August,32,9,7,Sunday,1
20260810,2026,Q3,8,August,33,10,1,Monday,0
20260811,2026,Q3,8,August,33,11,2,Tuesday,0
20260812,2026,Q3,8,August,33,12,3,Wednesday,0
20260813,2026,Q3,8,August,33,13,4,Thursday,0
20260814,2026,Q3,8,August,33,14,5,Friday,0
20260815,2026,Q3,8,August,33,15,6,Saturday,1
20260816,2026,Q3,8,August,33,16,7,Sunday,1
20260817,2026,Q3,8,August,34,17,1,Monday,0
20260818,2026,Q3,8,August,34,18,2,Tuesday,0
20260819,2026,Q3,8,August,34,19,3,Wednesday,0
20260820,2026,Q3,8,August,34,20,4,Thursday,0
20260821,2026,Q3,8,August,34,21,5,Friday,0
20260822,2026,Q3,8,August,34,22,6,Saturday,1
20260823,2026,Q3,8,August,34,23,7,Sunday,1
20260824,2026,Q3,8,August,35,24,1,Monday,0
20260825,2026,Q3,8,August,35,25,2,Tuesday,0
20260826,2026,Q3,8,August,35,26,3,Wednesday,0
20260827,2026,Q3,8,August,35,27,4,Thursday,0
20260828,2026,Q3,8,August,35,28,5,Friday,0
20260829,2026,Q3,8,August,35,29,6,Saturday,1
20260830,2026,Q3,8,August,35,30,7,Sunday,1
20260831,2026,Q3,8,August,36,31,1,Monday,0
20260901,2026,Q3,9,September,36,1,2,Tuesday,0
20260902,2026,Q3,9,September,36,2,3,Wednesday,0
20260903,2026,Q3,9,September,36,3,4,Thursday,0
20260904,2026,Q3,9,September,36,4,5,Friday,0
20260905,2026,Q3,9,September,36,5,6,Saturday,1
20260906,2026,Q3,9,September,36,6,7,Sunday,1
20260907,2026,Q3,9,September,37,7,1,Monday,0
20260908,2026,Q3,9,September,37,8,2,Tuesday,0
20260909,2026,Q3,9,September,37,9,3,Wednesday,0
20260910,2026,Q3,9,September,37,10,4,Thursday,0
20260911,2026,Q3,9,September,37,11,5,Friday,0
20260912,2026,Q3,9,September,37,12,6,Saturday,1
20260913,2026,Q3,9,September,37,13,7,Sunday,1
20260914,2026,Q3,9,September,38,14,1,Monday,0
20260915,2026,Q3,9,September,38,15,2,Tuesday,0
20260916,2026,Q3,9,September,38,16,3,Wednesday,0
20260917,2026,Q3,9,September,38,17,4,Thursday,0
20260918,2026,Q3,9,September,38,18,5,Friday,0
20260919,2026,Q3,9,September,38,19,6,Saturday,1
20260920,2026,Q3,9,September,38,20,7,Sunday,1
20260921,2026,Q3,9,September,39,21,1,Monday,0
20260922,2026,Q3,9,September,39,22,2,Tuesday,0
20260923,2026,Q3,9,September,39,23,3,Wednesday,0
20260924,2026,Q3,9,September,39,24,4,Thursday,0
20260925,2026,Q3,9,September,39,25,5,Friday,0
20260926,2026,Q3,9,September,39,26,6,Saturday,1
20260927,2026,Q3,9,September,39,27,7,Sunday,1
20260928,2026,Q3,9,September,40,28,1,Monday,0
20260929,2026,Q3,9,September,40,29,2,Tuesday,0
20260930,2026,Q3,9,September,40,30,3,Wednesday,0
20261001,2026,Q4,10,October,40,1,4,Thursday,0
20261002,2026,Q4,10,October,40,2,5,Friday,0
20261003,2026,Q4,10,October,40,3,6,Saturday,1
20261004,2026,Q4,10,October,40,4,7,Sunday,1
20261005,2026,Q4,10,October,41,5,1,Monday,0
20261006,2026,Q4,10,October,41,6,2,Tuesday,0
20261007,2026,Q4,10,October,41,7,3,Wednesday,0
20261008,2026,Q4,10,October,41,8,4,Thursday,0
20261009,2026,Q4,10,October,41,9,5,Friday,0
20261010,2026,Q4,10,October,41,10,6,Saturday,1
20261011,2026,Q4,10,October,41,11,7,Sunday,1
20261012,2026,Q4,10,October,42,12,1,Monday,0
20261013,2026,Q4,10,October,42,13,2,Tuesday,0
20261014,2026,Q4,10,October,42,14,3,Wednesday,0
20261015,2026,Q4,10,October,42,15,4,Thursday,0
20261016,2026,Q4,10,October,42,16,5,Friday,0
20261017,2026,Q4,10,October,42,17,6,Saturday,1
20261018,2026,Q4,10,October,42,18,7,Sunday,1
20261019,2026,Q4,10,October,43,19,1,Monday,0
20261020,2026,Q4,10,October,43,20,2,Tuesday,0
20261021,2026,Q4,10,October,43,21,3,Wednesday,0
20261022,2026,Q4,10,October,43,22,4,Thursday,0
20261023,2026,Q4,10,October,43,23,5,Friday,0
20261024,2026,Q4,10,October,43,24,6,Saturday,1
20261025,2026,Q4,10,October,43,25,7,Sunday,1
20261026,2026,Q4,10,October,44,26,1,Monday,0
20261027,2026,Q4,10,October,44,27,2,Tuesday,0
20261028,2026,Q4,10,October,44,28,3,Wednesday,0
20261029,2026,Q4,10,October,44,29,4,Thursday,0
20261030,2026,Q4,10,October,44,30,5,Friday,0
20261031,2026,Q4,10,October,44,31,6,Saturday,1
20261101,2026,Q4,11,November,44,1,7,Sunday,1
20261102,2026,Q4,11,November,45,2,1,Monday,0
20261103,2026,Q4,11,November,45,3,2,Tuesday,0
20261104,2026,Q4,11,November,45,4,3,Wednesday,0
20261105,2026,Q4,11,November,45,5,4,Thursday,0
20261106,2026,Q4,11,November,45,6,5,Friday,0
20261107,2026,Q4,11,November,45,7,6,Saturday,1
20261108,2026,Q4,11,November,45,8,7,Sunday,1
20261109,2026,Q4,11,November,46,9,1,Monday,0
20261110,2026,Q4,11,November,46,10,2,Tuesday,0
20261111,2026,Q4,11,November,46,11,3,Wednesday,0
20261112,2026,Q4,11,November,46,12,4,Thursday,0
20261113,2026,Q4,11,November,46,13,5,Friday,0
20261114,2026,Q4,11,November,46,14,6,Saturday,1
20261115,2026,Q4,11,November,46,15,7,Sunday,1
20261116,2026,Q4,11,November,47,16,1,Monday,0
20261117,2026,Q4,11,November,47,17,2,Tuesday,0
20261118,2026,Q4,11,November,47,18,3,Wednesday,0
20261119,2026,Q4,11,November,47,19,4,Thursday,0
20261120,2026,Q4,11,November,47,20,5,Friday,0
20261121,2026,Q4,11,November,47,21,6,Saturday,1
20261122,2026,Q4,11,November,47,22,7,Sunday,1
20261123,2026,Q4,11,November,48,23,1,Monday,0
20261124,2026,Q4,11,November,48,24,2,Tuesday,0
20261125,2026,Q4,11,November,48,25,3,Wednesday,0
20261126,2026,Q4,11,November,48,26,4,Thursday,0
20261127,2026,Q4,11,November,48,27,5,Friday,0
20261128,2026,Q4,11,November,48,28,6,Saturday,1
20261129,2026,Q4,11,November,48,29,7,Sunday,1
20261130,2026,Q4,11,November,49,30,1,Monday,0
20261201,2026,Q4,12,December,49,1,2,Tuesday,0
20261202,2026,Q4,12,December,49,2,3,Wednesday,0
20261203,2026,Q4,12,December,49,3,4,Thursday,0
20261204,2026,Q4,12,December,49,4,5,Friday,0
20261205,2026,Q4,12,December,49,5,6,Saturday,1
20261206,2026,Q4,12,December,49,6,7,Sunday,1
20261207,2026,Q4,12,December,50,7,1,Monday,0
20261208,2026,Q4,12,December,50,8,2,Tuesday,0
20261209,2026,Q4,12,December,50,9,3,Wednesday,0
20261210,2026,Q4,12,December,50,10,4,Thursday,0
20261211,2026,Q4,12,December,50,11,5,Friday,0
20261212,2026,Q4,12,December,50,12,6,Saturday,1
20261213,2026,Q4,12,December,50,13,7,Sunday,1
20261214,2026,Q4,12,December,51,14,1,Monday,0
20261215,2026,Q4,12,December,51,15,2,Tuesday,0
20261216,2026,Q4,12,December,51,16,3,Wednesday,0
20261217,2026,Q4,12,December,51,17,4,Thursday,0
20261218,2026,Q4,12,December,51,18,5,Friday,0
20261219,2026,Q4,12,December,51,19,6,Saturday,1
20261220,2026,Q4,12,December,51,20,7,Sunday,1
20261221,2026,Q4,12,December,52,21,1,Monday,0
20261222,2026,Q4,12,December,52,22,2,Tuesday,0
20261223,2026,Q4,12,December,52,23,3,Wednesday,0
20261224,2026,Q4,12,December,52,24,4,Thursday,0
20261225,2026,Q4,12,December,52,25,5,Friday,0
20261226,2026,Q4,12,December,52,26,6,Saturday,1
20261227,2026,Q4,12,December,52,27,7,Sunday,1
20261228,2026,Q4,12,December,53,28,1,Monday,0
20261229,2026,Q4,12,December,53,29,2,Tuesday,0
20261230,2026,Q4,12,December,53,30,3,Wednesday,0
